"Time (s)","Latitude (째)","Longitude (째)","Height (m)","Velocity (m/s)","Direction (째)","Horizontal Accuracy (m)","Vertical Accuracy (째)"
5.493998528E-3,6.500938576E1,2.560098858E1,2.224971210E1,NaN,NaN,4.699501400E1,3.365400331E1
2.146601677E-2,6.500938020E1,2.560100990E1,2.296844109E1,NaN,NaN,5.022649213E1,3.460808124E1
9.522050619E-1,6.500890832E1,2.560258079E1,1.547480965E1,6.299999952E-1,1.673437500E2,1.339687154E1,1.200000000E1
2.093607068E0,6.500888564E1,2.560239530E1,2.171873665E1,1.419999957E0,1.406250000E2,1.336639693E1,1.200000000E1
3.097796082E0,6.500883868E1,2.560256828E1,2.145467758E1,9.200000167E-1,1.683984375E2,3.623783198E0,4.000000000E0
3.706166148E0,6.500883135E1,2.560255383E1,2.105794144E1,1.279999971E0,1.613671875E2,3.528343425E0,3.000000000E0
4.708891034E0,6.500882154E1,2.560255508E1,2.108230400E1,1.279999971E0,1.613671875E2,3.508124553E0,3.000000000E0
5.704124093E0,6.500881004E1,2.560255053E1,2.160788155E1,1.240000010E0,1.613671875E2,3.234357505E0,3.000000000E0
6.688516378E0,6.500880068E1,2.560254231E1,2.147287560E1,1.240000010E0,1.687500000E2,3.299882652E0,3.000000000E0
7.688497663E0,6.500878951E1,2.560255392E1,2.146995163E1,1.240000010E0,1.701562500E2,3.431823339E0,3.000000000E0
8.688474059E0,6.500877927E1,2.560255833E1,2.131572342E1,1.299999952E0,1.687500000E2,3.394478274E0,3.000000000E0
9.688455462E0,6.500876976E1,2.560255130E1,2.127855492E1,1.299999952E0,1.687500000E2,3.426421161E0,3.000000000E0
1.068843949E1,6.500875963E1,2.560255762E1,2.120721626E1,1.509999990E0,1.627734375E2,3.405350428E0,3.000000000E0
1.168841934E1,6.500874987E1,2.560255491E1,2.109498024E1,1.509999990E0,1.687500000E2,3.338674636E0,3.000000000E0
1.268840456E1,6.500874030E1,2.560255918E1,2.100533104E1,1.330000043E0,1.641796875E2,3.340433119E0,3.000000000E0
1.368839133E1,6.500872562E1,2.560257706E1,2.100533697E1,1.330000043E0,1.641796945E2,2.905094424E0,4.029364438E0
1.468837440E1,6.500871434E1,2.560258235E1,2.088302823E1,1.309999943E0,1.712109413E2,3.210564450E0,4.029364438E0
1.568836355E1,6.500870220E1,2.560259037E1,2.099107572E1,1.330000043E0,1.666406309E2,3.751027884E0,4.029364438E0
1.668835032E1,6.500868910E1,2.560259758E1,2.040258048E1,1.399999976E0,1.673437559E2,4.104480424E0,4.029364438E0
1.768833542E1,6.500867730E1,2.560260195E1,2.033965896E1,1.399999976E0,1.691015676E2,4.214074272E0,4.029364438E0
1.868832958E1,6.500866633E1,2.560260687E1,2.012463780E1,1.309999943E0,1.691015673E2,4.300498971E0,4.029364438E0
1.968831980E1,6.500865526E1,2.560261586E1,2.020198460E1,1.259999990E0,1.634765694E2,4.463919027E0,4.029364438E0
2.068830717E1,6.500864251E1,2.560262458E1,1.989321538E1,1.309999943E0,1.634765697E2,4.567752178E0,4.029364438E0
2.168829632E1,6.500862615E1,2.560263667E1,2.006742689E1,1.340000033E0,1.662890686E2,4.748651530E0,4.029364438E0
2.268828535E1,6.500861455E1,2.560264170E1,2.016978857E1,1.340000033E0,1.669921933E2,4.748651530E0,4.029364438E0
2.368827474E1,6.500860415E1,2.560264663E1,2.015270063E1,1.320000052E0,1.662890685E2,4.748651530E0,4.029364438E0
2.468826389E1,6.500859321E1,2.560264914E1,2.029809209E1,1.320000052E0,1.705078167E2,4.748651530E0,4.029364438E0
2.568825459E1,6.500858134E1,2.560265539E1,2.038055631E1,1.330000043E0,1.683984426E2,4.748651530E0,4.029364438E0
2.668824506E1,6.500856909E1,2.560265986E1,2.033705733E1,1.360000014E0,1.694531298E2,4.748651530E0,4.029364438E0
2.768823636E1,6.500855793E1,2.560266465E1,2.051882383E1,1.360000014E0,1.687500051E2,4.748651530E0,4.029364438E0
2.868822646E1,6.500854673E1,2.560266824E1,2.058657667E1,1.340000033E0,1.701562544E2,4.748651530E0,4.029364438E0
2.968821859E1,6.500853487E1,2.560267277E1,2.060550329E1,1.340000033E0,1.701562544E2,4.748651530E0,4.029364438E0
3.068821013E1,6.500852299E1,2.560267687E1,2.066661856E1,1.340000033E0,1.708593791E2,4.748651530E0,4.029364438E0
3.168820250E1,6.500851107E1,2.560268280E1,2.062475226E1,1.370000005E0,1.687500051E2,4.748651530E0,4.029364438E0
3.268819582E1,6.500849739E1,2.560268729E1,2.013806558E1,1.500000000E0,1.708593796E2,4.748651530E0,4.029364438E0
3.368818784E1,6.500847763E1,2.560273775E1,2.335804055E1,1.494905630E0,1.601226504E2,4.748651629E0,4.090109415E0
3.468818045E1,6.500846910E1,2.560274077E1,2.356070014E1,1.314632322E0,1.660962907E2,4.748651586E0,3.694220004E0
3.568817341E1,6.500845541E1,2.560275451E1,2.385172310E1,1.514159914E0,1.651108686E2,4.748651619E0,3.971884801E0
3.668816614E1,6.500843987E1,2.560276136E1,2.331939249E1,1.603437281E0,1.622755621E2,4.748651594E0,3.842041203E0
3.768815947E1,6.500842902E1,2.560276141E1,2.294498302E1,1.501540835E0,1.672257213E2,4.748651600E0,4.051789759E0
3.868815339E1,6.500841781E1,2.560276547E1,2.291727868E1,1.361814363E0,1.663692582E2,4.748651614E0,4.317227301E0
3.968814659E1,6.500840712E1,2.560277234E1,2.285587582E1,1.271202026E0,1.697634582E2,4.748651590E0,4.086999063E0
4.068814075E1,6.500839547E1,2.560277502E1,2.287906728E1,1.228147846E0,1.726846358E2,4.748651587E0,4.079532787E0
4.168813455E1,6.500838343E1,2.560279031E1,2.300466294E1,1.323454205E0,1.615894575E2,4.748651575E0,3.838223888E0
4.268812859E1,6.500837348E1,2.560279172E1,2.312429795E1,1.266809456E0,1.683169360E2,4.748651577E0,3.841757215E0
4.368812299E1,6.500835838E1,2.560280968E1,2.316217440E1,1.660543825E0,1.606040517E2,4.748651619E0,4.043695361E0
4.468811655E1,6.500834789E1,2.560280712E1,2.341707407E1,1.448902760E0,1.677973620E2,4.748651611E0,4.108949308E0
4.568811131E1,6.500833864E1,2.560281391E1,2.374112461E1,1.372481860E0,1.665254139E2,4.748651610E0,4.100698568E0
4.668810582E1,6.500832550E1,2.560281361E1,2.338190053E1,1.481845139E0,1.671868365E2,4.748651618E0,4.092327964E0
4.768810058E1,6.500831260E1,2.560281681E1,2.343545588E1,1.425061530E0,1.659591942E2,4.748651613E0,4.108596967E0
4.868809521E1,6.500830046E1,2.560281081E1,2.340963863E1,1.393831922E0,1.790282843E2,4.748651613E0,4.304444052E0
4.968808866E1,6.500828393E1,2.560283087E1,2.269754348E1,1.692272559E0,1.637342457E2,4.748651610E0,4.049207628E0
5.068808413E1,6.500827631E1,2.560283228E1,2.321382622E1,1.341124084E0,1.687221980E2,4.748651577E0,3.962308144E0
5.168807864E1,6.500826136E1,2.560283510E1,2.257260345E1,1.674681190E0,1.689996698E2,4.748651634E0,4.291948611E0
5.268807411E1,6.500825181E1,2.560283658E1,2.278069074E1,1.295219545E0,1.688811328E2,4.748651569E0,3.818568312E0
5.368806827E1,6.500823958E1,2.560283361E1,2.273956828E1,1.392041776E0,1.738319454E2,4.748651569E0,3.781985967E0
5.468806434E1,6.500823112E1,2.560284060E1,2.270801316E1,1.156242011E0,1.649786009E2,4.748651594E0,4.354203868E0
5.568805838E1,6.500821962E1,2.560285173E1,2.290414013E1,1.302413083E0,1.626011585E2,4.748651606E0,4.390857799E0
5.668805337E1,6.500820816E1,2.560286028E1,2.350855432E1,1.308427082E0,1.721281425E2,4.748651577E0,3.920477843E0
5.768804932E1,6.500819510E1,2.560285694E1,2.339934152E1,1.365318833E0,1.783757190E2,4.748651575E0,3.876174934E0
5.868804491E1,6.500818313E1,2.560286208E1,2.329258404E1,1.295928633E0,1.730660603E2,4.748651610E0,4.280848860E0
5.968803990E1,6.500817137E1,2.560286481E1,2.343675518E1,1.358507965E0,1.707056431E2,4.748651602E0,4.108448760E0
6.068803513E1,6.500816420E1,2.560288785E1,2.356290123E1,1.233047703E0,1.494837586E2,4.748651596E0,4.070223814E0
6.168803024E1,6.500815318E1,2.560291121E1,2.329592113E1,1.484935654E0,1.413417627E2,4.748651589E0,3.832019470E0
6.268802512E1,6.500815058E1,2.560294595E1,2.328439795E1,1.361515165E0,1.254681831E2,4.748651578E0,3.770273106E0
6.368802178E1,6.500815463E1,2.560298680E1,2.323058545E1,1.474805064E0,9.683501034E1,4.748651555E0,3.773130933E0
6.468801618E1,6.500815662E1,2.560301564E1,2.340229880E1,1.476593878E0,9.422810785E1,4.748651553E0,3.762960070E0
6.568801260E1,6.500815792E1,2.560304641E1,2.357595318E1,1.431563512E0,9.360900310E1,4.748651559E0,3.973782784E0
6.668800735E1,6.500816009E1,2.560307985E1,2.357886279E1,1.449358571E0,9.173956231E1,4.748651555E0,3.939823148E0
6.768800271E1,6.500816673E1,2.560310570E1,2.369725792E1,1.257870816E0,8.292237057E1,4.748651536E0,3.907690607E0
6.868799901E1,6.500816371E1,2.560313096E1,2.331984837E1,1.327788839E0,9.680436739E1,4.748651559E0,3.639155327E0
6.968799424E1,6.500816939E1,2.560315883E1,2.349319376E1,1.338224054E0,8.273307671E1,4.748651536E0,3.791066691E0
7.068798995E1,6.500816496E1,2.560318841E1,2.227043798E1,1.334841063E0,9.085053241E1,4.748651554E0,3.727126953E0
7.168798506E1,6.500816350E1,2.560322076E1,2.207993334E1,1.486087264E0,9.788350680E1,4.748651555E0,3.471531977E0
7.268798149E1,6.500816647E1,2.560325009E1,2.230370931E1,1.326957440E0,8.698918753E1,4.748651536E0,3.790474850E0
7.368797708E1,6.500816994E1,2.560327858E1,2.249379937E1,1.304743550E0,7.808124542E1,4.748651531E0,3.629015092E0
7.468797207E1,6.500817556E1,2.560330641E1,2.271673909E1,1.337723601E0,7.819104767E1,4.748651514E0,3.829976519E0
7.568796754E1,6.500818101E1,2.560333382E1,2.307230277E1,1.381353774E0,7.819104767E1,4.748651506E0,3.638656694E0
7.668796372E1,6.500818229E1,2.560335970E1,2.307092294E1,1.284629161E0,7.819104767E1,4.748651530E0,3.656792314E0
7.768795967E1,6.500818697E1,2.560338876E1,2.331565062E1,1.326388421E0,7.819104767E1,4.748651528E0,3.684828066E0
7.868795502E1,6.500819294E1,2.560341716E1,2.351064235E1,1.379728017E0,7.819104767E1,4.748651511E0,3.689130095E0
7.968795121E1,6.500819901E1,2.560344193E1,2.367402908E1,1.337307966E0,7.819104767E1,4.748651506E0,3.687078359E0
8.068794644E1,6.500820568E1,2.560346378E1,2.426766884E1,1.285572818E0,7.739363861E1,4.748651510E0,3.720272750E0
8.168794155E1,6.500820949E1,2.560349086E1,2.491841791E1,1.309073951E0,7.739363861E1,4.748651521E0,3.755961816E0
8.268793797E1,6.500821308E1,2.560351458E1,2.518760396E1,1.268705706E0,7.739363861E1,4.748651523E0,3.761822616E0
8.368793309E1,6.500821576E1,2.560354464E1,2.551125124E1,1.350950286E0,7.739363861E1,4.748651526E0,3.743498062E0
8.468792903E1,6.500821853E1,2.560356510E1,2.520717616E1,1.272165336E0,7.739363861E1,4.748651518E0,3.749213495E0
8.568792498E1,6.500822116E1,2.560358629E1,2.513513046E1,1.278542212E0,7.739363861E1,4.748651518E0,3.806216376E0
8.668792093E1,6.500822570E1,2.560361867E1,2.544999686E1,1.442750366E0,7.739363861E1,4.748651518E0,4.222054708E0
8.768791628E1,6.500822798E1,2.560364365E1,2.553975475E1,1.444762798E0,7.739363861E1,4.748651515E0,4.380008478E0
8.868791175E1,6.500823029E1,2.560367338E1,2.551359953E1,1.438831995E0,7.667278290E1,4.748651523E0,4.440858635E0
8.968790841E1,6.500823289E1,2.560370185E1,2.528139844E1,1.436041301E0,7.667278290E1,4.748651521E0,4.524701172E0
9.068790424E1,6.500823837E1,2.560373043E1,2.566932291E1,1.438365737E0,7.667278290E1,4.748651513E0,4.575717939E0
9.168790019E1,6.500824026E1,2.560375878E1,2.575666887E1,1.427486404E0,7.667278290E1,4.748651516E0,4.787391130E0
9.268789566E1,6.500824275E1,2.560378844E1,2.586067870E1,1.426642433E0,7.667278290E1,4.748651519E0,4.800899760E0
9.368789220E1,6.500824502E1,2.560381806E1,2.596094858E1,1.430811399E0,7.667278290E1,4.748651515E0,4.746787824E0
9.468788743E1,6.500824565E1,2.560383977E1,2.586025654E1,1.380498252E0,7.667278290E1,4.748651499E0,5.897238101E0
9.568788338E1,6.500824705E1,2.560386245E1,2.589010935E1,1.264780237E0,7.667278290E1,4.748651500E0,5.484569651E0
9.668787873E1,6.500824709E1,2.560389052E1,2.581504640E1,1.295965839E0,7.667278290E1,4.748651497E0,5.523601239E0
9.768787503E1,6.500824863E1,2.560391976E1,2.581132523E1,1.347442874E0,7.667278290E1,4.748651504E0,5.484183738E0
9.868787038E1,6.500825030E1,2.560394397E1,2.582705845E1,1.257657998E0,7.667278290E1,4.748651499E0,5.516604340E0
9.968786705E1,6.500825261E1,2.560397052E1,2.595736388E1,1.267518757E0,7.667278290E1,4.748651495E0,5.678963404E0
1.006878628E2,6.500825559E1,2.560399596E1,2.597255898E1,1.266628253E0,7.761892700E1,4.748651490E0,5.554352628E0
1.016878585E2,6.500825902E1,2.560402413E1,2.600345492E1,1.334442595E0,7.761892700E1,4.748651485E0,5.645857428E0
1.026878543E2,6.500826095E1,2.560405065E1,2.581228699E1,1.314354741E0,7.761892700E1,4.748651490E0,5.591319026E0
1.036878501E2,6.500826477E1,2.560407868E1,2.591765184E1,1.368065786E0,7.761892700E1,4.748651484E0,5.714275990E0
1.046878458E2,6.500826717E1,2.560410805E1,2.584601635E1,1.404524707E0,7.890091705E1,4.748651488E0,5.701635395E0
1.056878420E2,6.500826899E1,2.560413567E1,2.597245675E1,1.359188633E0,7.890091705E1,4.748651501E0,5.780099082E0
1.066878374E2,6.500827051E1,2.560416002E1,2.589821236E1,1.296966149E0,7.890091705E1,4.748651504E0,5.583043496E0
1.076878333E2,6.500827140E1,2.560419030E1,2.596122948E1,1.381824533E0,7.894333649E1,4.748651507E0,5.580582298E0
1.086878294E2,6.500827583E1,2.560421890E1,2.639550023E1,1.412815852E0,7.894333649E1,4.748651502E0,6.049741405E0
1.096878259E2,6.500827862E1,2.560424562E1,2.629070681E1,1.354790528E0,7.894333649E1,4.748651504E0,5.960927632E0
1.106878213E2,6.500827982E1,2.560426914E1,2.604700510E1,1.239065725E0,7.894333649E1,4.748651507E0,5.611247249E0
1.116878171E2,6.500828232E1,2.560429859E1,2.593744479E1,1.331184405E0,7.894333649E1,4.748651503E0,5.395633953E0
1.126878135E2,6.500828083E1,2.560432440E1,2.532091509E1,1.264410033E0,7.894333649E1,4.748651540E0,5.480853638E0
1.136878086E2,6.500828593E1,2.560435479E1,2.544347966E1,1.381339660E0,7.592431641E1,4.748651516E0,5.467903663E0
1.146878043E2,6.500828904E1,2.560438130E1,2.580434119E1,1.366653736E0,7.592431641E1,4.748651508E0,5.395788956E0
1.156878006E2,6.500829094E1,2.560440810E1,2.591712169E1,1.309808540E0,7.592431641E1,4.748651517E0,5.528358478E0
1.166877962E2,6.500829261E1,2.560443225E1,2.563081174E1,1.202819354E0,7.276739502E1,4.748651520E0,5.460752375E0
1.176877917E2,6.500829879E1,2.560446031E1,2.581974989E1,1.289575676E0,7.276739502E1,4.748651501E0,5.524766426E0
1.186877882E2,6.500830466E1,2.560448944E1,2.587272673E1,1.371336641E0,6.747407532E1,4.748651488E0,5.597840586E0
1.196877834E2,6.500830901E1,2.560451858E1,2.590057948E1,1.415683518E0,6.747407532E1,4.748651476E0,5.921483765E0
1.206877794E2,6.500831374E1,2.560454865E1,2.611952537E1,1.487550148E0,6.747407532E1,4.748651468E0,5.979045536E0
1.216877761E2,6.500831958E1,2.560457406E1,2.625175441E1,1.427160529E0,6.043074799E1,4.748651457E0,6.277071237E0
1.226877717E2,6.500832296E1,2.560459983E1,2.617426562E1,1.389470041E0,6.043074799E1,4.748651463E0,6.129269711E0
1.236877666E2,6.500832875E1,2.560462346E1,2.617680927E1,1.313142483E0,5.612642288E1,4.748651460E0,5.753847718E0
1.246877632E2,6.500833685E1,2.560464489E1,2.629115867E1,1.281397342E0,5.612642288E1,4.748651447E0,5.535812962E0
1.256877586E2,6.500834427E1,2.560466691E1,2.652786177E1,1.307154920E0,5.612642288E1,4.748651433E0,5.750591360E0
1.266877546E2,6.500835066E1,2.560468586E1,2.665102736E1,1.209963866E0,5.134854126E1,4.748651430E0,5.724788802E0
1.276877503E2,6.500835558E1,2.560470991E1,2.644904225E1,1.256420340E0,5.134854126E1,4.748651426E0,5.927060217E0
1.286877466E2,6.500836216E1,2.560473458E1,2.647466203E1,1.322775954E0,5.134854126E1,4.748651432E0,5.985430746E0
1.296877428E2,6.500836886E1,2.560475494E1,2.633734977E1,1.287640277E0,5.134854126E1,4.748651434E0,5.827214103E0
1.306877387E2,6.500837707E1,2.560477978E1,2.622055043E1,1.387543370E0,5.073755264E1,4.748651401E0,5.822502724E0
1.316877347E2,6.500838409E1,2.560480135E1,2.629094117E1,1.351323853E0,5.073755264E1,4.748651422E0,5.950560196E0
1.326879034E2,6.500838981E1,2.560482224E1,2.641291513E1,1.241257870E0,5.073755264E1,4.748651426E0,5.881137686E0
1.336879017E2,6.500838942E1,2.560484010E1,2.620849382E1,9.499578953E-1,5.073755264E1,4.748651486E0,5.617966567E0
1.346879013E2,6.500839060E1,2.560486385E1,2.622964643E1,9.700133289E-1,5.650669479E1,4.748651503E0,5.638945488E0
1.356879023E2,6.500838274E1,2.560487788E1,2.650935322E1,7.986350870E-1,5.650669479E1,4.748651566E0,5.633632789E0
1.366879052E2,6.500837575E1,2.560489477E1,2.619214617E1,9.236110073E-1,1.185506203E2,4.748651587E0,5.574889875E0
1.376879092E2,6.500836226E1,2.560491961E1,2.643026707E1,1.317784820E0,1.290915749E2,4.748651640E0,5.648193287E0
1.386879110E2,6.500835575E1,2.560493718E1,2.655713031E1,1.449552779E0,1.335565426E2,4.748651677E0,6.003443282E0
1.396879154E2,6.500835029E1,2.560494386E1,2.626040848E1,1.416125356E0,1.414368711E2,4.748651684E0,6.074888681E0
1.406879199E2,6.500834422E1,2.560495598E1,2.631920750E1,1.379957111E0,1.441530217E2,4.748651656E0,5.586653812E0
1.416879221E2,6.500833404E1,2.560497252E1,2.608008068E1,1.455197539E0,1.460726851E2,4.748651655E0,5.577995176E0
1.426879288E2,6.500830329E1,2.560498936E1,2.669848496E1,9.308067241E-1,1.397045898E2,4.748651638E0,6.233464124E0
1.436879344E2,6.500829004E1,2.560500635E1,2.675826394E1,1.385939265E0,1.483512268E2,4.748651693E0,6.354397148E0
1.446879371E2,6.500827932E1,2.560501635E1,2.718299768E1,9.691172258E-1,1.483512268E2,4.748651658E0,6.281817787E0
1.456879431E2,6.500826266E1,2.560503184E1,2.716834460E1,1.594418834E0,1.550798340E2,4.748651704E0,5.983107750E0
1.466879478E2,6.500825286E1,2.560503732E1,2.722105929E1,1.026908299E0,1.550798340E2,4.748651652E0,6.420362022E0
1.476879535E2,6.500823343E1,2.560505004E1,2.693155870E1,1.771343287E0,1.592587891E2,4.748651685E0,5.798416618E0
1.486879575E2,6.500822672E1,2.560505605E1,2.762111592E1,1.027037747E0,1.592587891E2,4.748651662E0,6.542690059E0
1.496879606E2,6.500820803E1,2.560507264E1,2.749611821E1,1.578420117E0,1.594184570E2,4.748651707E0,6.209385377E0
1.506879644E2,6.500819791E1,2.560508163E1,2.730304387E1,1.076107015E0,1.594184570E2,4.748651649E0,6.682326452E0
1.516879677E2,6.500817818E1,2.560509914E1,2.719070860E1,1.759340780E0,1.594184570E2,4.748651662E0,6.150908085E0
1.526879704E2,6.500816977E1,2.560510661E1,2.707432349E1,1.142642602E0,1.594184570E2,4.748651632E0,6.538613111E0
1.536879719E2,6.500814958E1,2.560512453E1,2.707128844E1,1.804435974E0,1.594184570E2,4.748651657E0,5.657225572E0
1.546879742E2,6.500814195E1,2.560513130E1,2.723871978E1,1.206919128E0,1.594184570E2,4.748651638E0,6.236864913E0
1.556879768E2,6.500812708E1,2.560514451E1,2.693052000E1,1.214341825E0,1.594184570E2,4.748651630E0,6.341376055E0
1.566879773E2,6.500811330E1,2.560515670E1,2.699422678E1,1.328635811E0,1.595200195E2,4.748651640E0,6.257469610E0
1.576879780E2,6.500809991E1,2.560516852E1,2.672070707E1,1.087344399E0,1.595200195E2,4.748651625E0,6.654218940E0
1.586879793E2,6.500808347E1,2.560518304E1,2.721797079E1,1.549560672E0,1.595200195E2,4.748651645E0,6.034611526E0
1.596879797E2,6.500807252E1,2.560519271E1,2.702193392E1,1.034883087E0,1.595200195E2,4.748651624E0,6.446708262E0
1.606879796E2,6.500805594E1,2.560520735E1,2.715725480E1,1.519812139E0,1.595200195E2,4.748651658E0,6.317719828E0
1.616879796E2,6.500804622E1,2.560521592E1,2.763249190E1,1.034485409E0,1.595200195E2,4.748651637E0,6.637602997E0
1.626879799E2,6.500802706E1,2.560523284E1,2.754315456E1,1.657041326E0,1.595200195E2,4.748651663E0,6.160164556E0
1.636879804E2,6.500801276E1,2.560524547E1,2.738393812E1,1.546546855E0,1.595200195E2,4.748651660E0,6.566367502E0
1.646879786E2,6.500799909E1,2.560525754E1,2.754216280E1,1.561851499E0,1.595200195E2,4.748651659E0,6.751782365E0
1.656879784E2,6.500798640E1,2.560526875E1,2.721493191E1,1.493080574E0,1.595200195E2,4.748651649E0,6.707628211E0
1.666879779E2,6.500797323E1,2.560528037E1,2.730027771E1,1.523333100E0,1.595200195E2,4.748651636E0,6.849918613E0
1.676879766E2,6.500795647E1,2.560529360E1,2.748682614E1,1.501885093E0,1.542673340E2,4.748651638E0,6.831445834E0
1.686879756E2,6.500794389E1,2.560530794E1,2.742180178E1,1.480626397E0,1.542673340E2,4.748651653E0,6.768372321E0
1.696879745E2,6.500793124E1,2.560532234E1,2.746025871E1,1.473424790E0,1.542673340E2,4.748651642E0,6.848617043E0
1.706879724E2,6.500792129E1,2.560533368E1,2.743787861E1,1.478161442E0,1.542673340E2,4.748651619E0,6.798401144E0
1.716879717E2,6.500791397E1,2.560534203E1,2.711772665E1,1.499753917E0,1.103264982E2,4.748651579E0,6.718241348E0
1.726879700E2,6.500790982E1,2.560534676E1,2.719955080E1,1.506581477E0,9.522571388E1,4.748651551E0,6.736812847E0
1.736879683E2,6.500791229E1,2.560536852E1,2.711412442E1,1.488359446E0,8.350254527E1,4.748651521E0,6.584584869E0
1.746879666E2,6.500791644E1,2.560539659E1,2.728251233E1,1.499891634E0,7.592174810E1,4.748651501E0,6.522967854E0
1.756879644E2,6.500792201E1,2.560543056E1,2.676766876E1,1.461260444E0,7.316486360E1,4.748651475E0,6.417848097E0
1.766879631E2,6.500792858E1,2.560547129E1,2.717519176E1,1.473758019E0,7.381875924E1,4.748651479E0,6.444273477E0
1.776879604E2,6.500793875E1,2.560551808E1,2.722623465E1,1.558006248E0,6.836095804E1,4.748651473E0,6.434757362E0
1.786879597E2,6.500794798E1,2.560557297E1,2.745882643E1,1.504251550E0,7.123182639E1,4.748651496E0,6.432273729E0
1.796879561E2,6.500798403E1,2.560575162E1,2.724948630E1,1.517642894E0,7.228047943E1,4.748651483E0,6.422956761E0
1.806879542E2,6.500798734E1,2.560578494E1,2.724956647E1,1.501122918E0,7.228047943E1,4.748651478E0,6.272794442E0
1.816879525E2,6.500799679E1,2.560581590E1,2.793989509E1,1.503116597E0,7.228047943E1,4.748651464E0,6.388742296E0
1.826879500E2,6.500799736E1,2.560585092E1,2.756875267E1,1.503319925E0,7.228047943E1,4.748651497E0,6.350921472E0
1.836879480E2,6.500800180E1,2.560588468E1,2.799540173E1,1.481008676E0,7.228047943E1,4.748651509E0,6.178199950E0
1.846879450E2,6.500800977E1,2.560591399E1,2.848437039E1,1.459131015E0,7.228047943E1,4.748651509E0,6.167880128E0
1.856879429E2,6.500801260E1,2.560595173E1,2.794192185E1,1.540121304E0,7.228047943E1,4.748651500E0,6.005561933E0
1.866879400E2,6.500801643E1,2.560598683E1,2.783202992E1,1.493637915E0,7.348790741E1,4.748651483E0,6.144022084E0
1.876879370E2,6.500802018E1,2.560602267E1,2.784965499E1,1.495414635E0,7.348790741E1,4.748651488E0,6.123955852E0
1.886879349E2,6.500802764E1,2.560605642E1,2.864745437E1,1.504827805E0,7.173506165E1,4.748651490E0,5.927354712E0
1.896879317E2,6.500803170E1,2.560609000E1,2.852435364E1,1.500034277E0,7.173506165E1,4.748651494E0,5.918535563E0
1.906879293E2,6.500803740E1,2.560612186E1,2.860512495E1,1.490412181E0,7.173506165E1,4.748651480E0,5.920820598E0
1.916879277E2,6.500804514E1,2.560615366E1,2.856383366E1,1.481669785E0,7.173506165E1,4.748651470E0,5.992692752E0
1.926879240E2,6.500805245E1,2.560618494E1,2.859146647E1,1.492136427E0,6.982522583E1,4.748651460E0,6.032464099E0
1.936879214E2,6.500805652E1,2.560621929E1,2.878713896E1,1.509475571E0,6.982522583E1,4.748651475E0,6.185120947E0
1.946879189E2,6.500806227E1,2.560625206E1,2.878231587E1,1.504136901E0,6.982522583E1,4.748651475E0,6.172268107E0
1.956879153E2,6.500806620E1,2.560628558E1,2.860545705E1,1.495606165E0,6.982522583E1,4.748651485E0,5.988686512E0
1.966879127E2,6.500806928E1,2.560632071E1,2.810332764E1,1.453020834E0,6.982522583E1,4.748651481E0,5.923214533E0
1.976879097E2,6.500808452E1,2.560634776E1,2.852232978E1,1.507946567E0,6.982522583E1,4.748651411E0,5.968413016E0
1.986879069E2,6.500809160E1,2.560638116E1,2.780579716E1,1.500574705E0,6.982522583E1,4.748651420E0,5.987156348E0
1.996879048E2,6.500809570E1,2.560641583E1,2.821021231E1,1.480167064E0,6.982522583E1,4.748651440E0,6.054531116E0
2.006879019E2,6.500809241E1,2.560645362E1,2.794413621E1,1.500856154E0,6.982522583E1,4.748651508E0,6.019502361E0
2.016878992E2,6.500809826E1,2.560648694E1,2.792375342E1,1.511634176E0,6.982522583E1,4.748651490E0,6.050605464E0
2.026878957E2,6.500810552E1,2.560651954E1,2.874307208E1,1.551225770E0,6.982522583E1,4.748651500E0,6.033725193E0
2.036878926E2,6.500811196E1,2.560655429E1,2.843226692E1,1.647158218E0,6.982522583E1,4.748651496E0,6.028804983E0
2.046878892E2,6.500811943E1,2.560658467E1,2.832393613E1,1.632703059E0,6.982522583E1,4.748651450E0,6.203451940E0
2.056878874E2,6.500812531E1,2.560661473E1,2.811016800E1,1.621920034E0,6.982522583E1,4.748651443E0,6.308941566E0
2.066878833E2,6.500812998E1,2.560664778E1,2.758114861E1,1.617238912E0,6.982522583E1,4.748651416E0,6.258857373E0
2.076878810E2,6.500813474E1,2.560668128E1,2.778947350E1,1.636223152E0,6.982522583E1,4.748651424E0,6.271218013E0
2.086878779E2,6.500814380E1,2.560671339E1,2.834743418E1,1.645354495E0,6.996697998E1,4.748651442E0,6.190537320E0
2.096878752E2,6.500814983E1,2.560674533E1,2.842396181E1,1.635517855E0,6.914086914E1,4.748651466E0,6.201825585E0
2.106878717E2,6.500815377E1,2.560678015E1,2.822756914E1,1.663159570E0,6.914086914E1,4.748651463E0,6.304925699E0
2.116878695E2,6.500816063E1,2.560681031E1,2.842619825E1,1.635770151E0,6.914086914E1,4.748651450E0,6.366552021E0
2.126878657E2,6.500816323E1,2.560684683E1,2.791475293E1,1.660926825E0,7.128285217E1,4.748651460E0,6.368672486E0
2.136878626E2,6.500816882E1,2.560687727E1,2.787913972E1,1.641636854E0,7.128285217E1,4.748651433E0,6.420879941E0
2.146878595E2,6.500817023E1,2.560691157E1,2.796666767E1,1.624037892E0,7.128285217E1,4.748651470E0,6.569847081E0
2.156878561E2,6.500817880E1,2.560693970E1,2.788662556E1,1.629863774E0,6.816846466E1,4.748651456E0,6.375314643E0
2.166878543E2,6.500818376E1,2.560697359E1,2.762849604E1,1.640421636E0,6.816846466E1,4.748651448E0,6.321472398E0
2.176878505E2,6.500818707E1,2.560700651E1,2.759945254E1,1.620895295E0,6.816846466E1,4.748651442E0,6.370975415E0
2.186878471E2,6.500818999E1,2.560704092E1,2.760229545E1,1.647538468E0,6.816846466E1,4.748651461E0,6.253801854E0
2.196878437E2,6.500819558E1,2.560707094E1,2.767747995E1,1.643420364E0,6.816846466E1,4.748651459E0,6.283723486E0
2.206878415E2,6.500820324E1,2.560710212E1,2.790231204E1,1.647012348E0,6.086077499E1,4.748651453E0,6.261760101E0
2.216878389E2,6.500821107E1,2.560712964E1,2.772929057E1,1.645233812E0,6.086077499E1,4.748651421E0,6.336531745E0
2.226878353E2,6.500821983E1,2.560715570E1,2.762213904E1,1.652107669E0,3.569485474E1,4.748651384E0,6.566356375E0
2.236878324E2,6.500822975E1,2.560718077E1,2.793481780E1,1.661601919E0,2.556417847E1,4.748651386E0,6.603047493E0
2.246878293E2,6.500824425E1,2.560719450E1,2.820624915E1,1.659366364E0,3.569485474E1,4.748651344E0,6.547762969E0
2.256878253E2,6.500825752E1,2.560720661E1,2.798875881E1,1.656273626E0,2.493347406E0,4.748651309E0,6.613357791E0
2.266878223E2,6.500827233E1,2.560720940E1,2.791549940E1,1.660996540E0,1.024839020E1,4.748651261E0,6.740653168E0
2.276878198E2,6.500828590E1,2.560721036E1,2.786250554E1,1.657101972E0,1.024839020E1,4.748651242E0,6.895504081E0
2.286878170E2,6.500830123E1,2.560720556E1,2.798836192E1,1.674830844E0,3.558914490E2,4.748651247E0,6.815155740E0
2.296878134E2,6.500831589E1,2.560720017E1,2.797468521E1,1.683097559E0,3.558914490E2,4.748651247E0,6.828683671E0
2.306878104E2,6.500832920E1,2.560719083E1,2.763865769E1,1.674291835E0,3.466038513E2,4.748651245E0,6.840003253E0
2.316878072E2,6.500834244E1,2.560717847E1,2.736672570E1,1.661550443E0,3.466038513E2,4.748651256E0,6.781371247E0
2.326878051E2,6.500835638E1,2.560716605E1,2.752198300E1,1.668772062E0,3.417382812E2,4.748651263E0,6.748243826E0
2.336878009E2,6.500837005E1,2.560715087E1,2.757058236E1,1.674490448E0,3.417382812E2,4.748651271E0,6.836610378E0
2.346877974E2,6.500838379E1,2.560714167E1,2.754960657E1,1.666553359E0,3.417382812E2,4.748651291E0,6.644913470E0
2.356877942E2,6.500839788E1,2.560712411E1,2.737783623E1,1.696709574E0,3.417382812E2,4.748651266E0,6.782812102E0
2.366877915E2,6.500841136E1,2.560711215E1,2.744499836E1,1.678205761E0,3.417382812E2,4.748651286E0,6.534281333E0
2.376877884E2,6.500842557E1,2.560709419E1,2.750677999E1,1.690807428E0,3.417382812E2,4.748651303E0,6.589912253E0
2.386877853E2,6.500844031E1,2.560708040E1,2.752213150E1,1.703363371E0,3.427838440E2,4.748651305E0,6.635716702E0
2.396877828E2,6.500845544E1,2.560706517E1,2.799747859E1,1.714432292E0,3.409486694E2,4.748651319E0,6.391068572E0
2.406877797E2,6.500846993E1,2.560705341E1,2.793524359E1,1.708319198E0,3.409486694E2,4.748651321E0,6.537760988E0
2.416877761E2,6.500848388E1,2.560704040E1,2.786654464E1,1.723837021E0,3.409486694E2,4.748651307E0,6.553998769E0
2.426877723E2,6.500849757E1,2.560702770E1,2.783424247E1,1.688356955E0,3.409486694E2,4.748651304E0,6.585269721E0
2.436877692E2,6.500851148E1,2.560700964E1,2.762618201E1,1.699588792E0,3.409486694E2,4.748651247E0,6.522997916E0
2.446877664E2,6.500852696E1,2.560699546E1,2.793817810E1,1.701460621E0,3.409486694E2,4.748651260E0,6.507339000E0
2.456877639E2,6.500854140E1,2.560698286E1,2.795037440E1,1.692156416E0,3.409486694E2,4.748651320E0,6.502995380E0
2.466877599E2,6.500855612E1,2.560697341E1,2.788379173E1,1.690156253E0,3.396737671E2,4.748651309E0,6.630021587E0
2.476877574E2,6.500857131E1,2.560696375E1,2.758817860E1,1.701730085E0,3.396737671E2,4.748651310E0,6.405192364E0
2.486877539E2,6.500858652E1,2.560695679E1,2.770568314E1,1.693479241E0,3.396737671E2,4.748651316E0,6.496565934E0
2.496877514E2,6.500860114E1,2.560694932E1,2.786788042E1,1.692111386E0,3.396737671E2,4.748651323E0,6.486135071E0
2.506877486E2,6.500861627E1,2.560694266E1,2.748153048E1,1.706164473E0,3.396737671E2,4.748651317E0,6.478122333E0
2.516877449E2,6.500863192E1,2.560693562E1,2.787636340E1,1.706930425E0,3.396737671E2,4.748651329E0,6.449806958E0
2.526877413E2,6.500864655E1,2.560692000E1,2.821530412E1,1.694427646E0,3.396737671E2,4.748651342E0,6.525608549E0
2.536877375E2,6.500866081E1,2.560690343E1,2.823143604E1,1.700827451E0,3.396737671E2,4.748651352E0,6.495171075E0
2.546877359E2,6.500867478E1,2.560688741E1,2.803601184E1,1.698320682E0,3.396737671E2,4.748651327E0,6.662857080E0
2.556877322E2,6.500868862E1,2.560687353E1,2.813195153E1,1.688664180E0,3.396737671E2,4.748651315E0,6.615091551E0
2.566877285E2,6.500870320E1,2.560686057E1,2.825340643E1,1.704664570E0,3.396737671E2,4.748651333E0,6.578164709E0
2.576877259E2,6.500871726E1,2.560684698E1,2.835009527E1,1.697596225E0,3.385119934E2,4.748651338E0,6.644813452E0
2.586874295E2,6.500873151E1,2.560683668E1,2.826325116E1,1.691565065E0,3.385119934E2,4.748651344E0,6.507085230E0
2.596874294E2,6.500874611E1,2.560682482E1,2.832939906E1,1.695749850E0,3.385119934E2,4.748651341E0,6.627546583E0
2.606874387E2,6.500876092E1,2.560681411E1,2.826357947E1,1.691046465E0,3.385119934E2,4.748651337E0,6.648353695E0
2.616874441E2,6.500877565E1,2.560680185E1,2.839798752E1,1.698287217E0,3.371612244E2,4.748651335E0,6.689016501E0
2.626874517E2,6.500879040E1,2.560679035E1,2.825554614E1,1.719208180E0,3.371612244E2,4.748651303E0,6.847533666E0
2.636874694E2,6.500880479E1,2.560677850E1,2.807838278E1,1.719289718E0,3.371612244E2,4.748651293E0,6.846659805E0
2.646874809E2,6.500881919E1,2.560676380E1,2.832095386E1,1.712230798E0,3.371612244E2,4.748651315E0,6.747797718E0
2.656874948E2,6.500883306E1,2.560674817E1,2.835030269E1,1.695185185E0,3.371612244E2,4.748651293E0,6.763641755E0
2.666875154E2,6.500884664E1,2.560673178E1,2.800793162E1,1.689841098E0,3.371612244E2,4.748651311E0,6.809805414E0
2.676875322E2,6.500886118E1,2.560672097E1,2.814078219E1,1.695058552E0,3.371612244E2,4.748651288E0,6.894766344E0
2.686875432E2,6.500887594E1,2.560670789E1,2.840279183E1,1.729453425E0,3.371612244E2,4.748651294E0,6.994338630E0
2.696875646E2,6.500889090E1,2.560670077E1,2.816769362E1,1.712285903E0,3.370413208E2,4.748651302E0,6.851485492E0
2.706875823E2,6.500890571E1,2.560668656E1,2.805299059E1,1.710495322E0,3.370413208E2,4.748651273E0,6.999104903E0
2.716875947E2,6.500892012E1,2.560667104E1,2.843154207E1,1.711381856E0,3.370413208E2,4.748651284E0,6.820699638E0
2.726876138E2,6.500893362E1,2.560665643E1,2.854443766E1,1.725471358E0,3.370413208E2,4.748651290E0,6.879168502E0
2.736876316E2,6.500894775E1,2.560663889E1,2.868024541E1,1.714716891E0,3.370413208E2,4.748651295E0,6.902236450E0
2.746876493E2,6.500896155E1,2.560662633E1,2.881180960E1,1.701536378E0,3.370413208E2,4.748651294E0,6.758521459E0
2.756876651E2,6.500897631E1,2.560661033E1,2.894887140E1,1.714321951E0,3.370413208E2,4.748651285E0,6.949491457E0
2.766876795E2,6.500899068E1,2.560659704E1,2.911103080E1,1.709354849E0,3.370413208E2,4.748651307E0,6.828551326E0
2.776876931E2,6.500900510E1,2.560657929E1,2.890551481E1,1.712483023E0,3.370413208E2,4.748651303E0,6.776105357E0
2.786877064E2,6.500901985E1,2.560657070E1,2.886475180E1,1.705210901E0,3.392455139E2,4.748651302E0,6.850081912E0
2.796877185E2,6.500903422E1,2.560655967E1,2.866980228E1,1.700658906E0,3.392455139E2,4.748651318E0,6.730073726E0
2.806877292E2,6.500904828E1,2.560654631E1,2.864515203E1,1.707227380E0,3.392455139E2,4.748651333E0,6.654052038E0
2.816877401E2,6.500906194E1,2.560653116E1,2.844559715E1,1.720291616E0,3.392455139E2,4.748651310E0,6.716924982E0
2.826877500E2,6.500907718E1,2.560651973E1,2.853175109E1,1.701467316E0,3.392455139E2,4.748651300E0,6.651228880E0
2.836877589E2,6.500909160E1,2.560650428E1,2.872321169E1,1.715465126E0,3.392455139E2,4.748651267E0,6.679347399E0
2.846877681E2,6.500910470E1,2.560648809E1,2.860955994E1,1.695121923E0,3.392455139E2,4.748651334E0,6.570800542E0
2.856877766E2,6.500911472E1,2.560645866E1,2.836826603E1,1.704423455E0,3.392455139E2,4.748651343E0,6.613774896E0
2.866877832E2,6.500912344E1,2.560642632E1,2.837247087E1,1.698894961E0,3.392455139E2,4.748651371E0,6.435258498E0
2.876877904E2,6.500912629E1,2.560638874E1,2.870117125E1,1.674004681E0,3.392455139E2,4.748651422E0,6.296604883E0
2.886877972E2,6.500912476E1,2.560635020E1,2.868215209E1,1.727194974E0,2.829538237E2,4.748651462E0,6.278261485E0
2.896878029E2,6.500911975E1,2.560631229E1,2.880613322E1,1.741649530E0,2.723584511E2,4.748651484E0,6.333029006E0
2.906878078E2,6.500911317E1,2.560627772E1,2.900412324E1,1.712989574E0,2.627299961E2,4.748651522E0,6.278187375E0
2.916878138E2,6.500911029E1,2.560624299E1,2.895794693E1,1.703324899E0,2.624758614E2,4.748651521E0,6.332825002E0
2.926878189E2,6.500910612E1,2.560622753E1,2.825988995E1,1.694079650E0,2.558618969E2,4.748651500E0,6.348244164E0
2.936878233E2,6.500910512E1,2.560620309E1,2.834544971E1,1.737171327E0,2.572848944E2,4.748651489E0,6.343389118E0
2.946878277E2,6.500910231E1,2.560617158E1,2.819414517E1,1.730037241E0,2.573810196E2,4.748651489E0,6.242946429E0
2.956878307E2,6.500909250E1,2.560608846E1,2.809709928E1,1.749804961E0,2.582301636E2,4.748651497E0,6.227592026E0
2.966878341E2,6.500909064E1,2.560604896E1,2.774382280E1,1.729796351E0,2.582301636E2,4.748651486E0,6.093572892E0
2.976878380E2,6.500908669E1,2.560600956E1,2.756409992E1,1.729691758E0,2.582301636E2,4.748651484E0,6.074613505E0
2.986878412E2,6.500908284E1,2.560597170E1,2.694757633E1,1.731712432E0,2.578346558E2,4.748651472E0,5.982654885E0
2.996878442E2,6.500908063E1,2.560593295E1,2.673637965E1,1.729012774E0,2.578346558E2,4.748651447E0,6.037178185E0
3.006878465E2,6.500907722E1,2.560589232E1,2.721759291E1,1.755746319E0,2.578346558E2,4.748651478E0,6.028633823E0
3.016878488E2,6.500907504E1,2.560585213E1,2.690932857E1,1.732946923E0,2.578346558E2,4.748651487E0,6.102461414E0
3.026878518E2,6.500907322E1,2.560581006E1,2.700116759E1,1.755466668E0,2.580172424E2,4.748651484E0,6.164078635E0
3.036878541E2,6.500906913E1,2.560577131E1,2.677715689E1,1.748611385E0,2.580172424E2,4.748651492E0,6.077165398E0
3.046878550E2,6.500906595E1,2.560573201E1,2.717135307E1,1.733835549E0,2.580172424E2,4.748651497E0,6.092067009E0
3.056878569E2,6.500906282E1,2.560569302E1,2.683917944E1,1.756029037E0,2.580172424E2,4.748651502E0,6.117045813E0
3.066878589E2,6.500905979E1,2.560565312E1,2.676443210E1,1.784261331E0,2.580172424E2,4.748651485E0,6.091853392E0
3.076878601E2,6.500905463E1,2.560561418E1,2.636976903E1,1.771806893E0,2.580172424E2,4.748651488E0,6.186203184E0
3.086878612E2,6.500904997E1,2.560557425E1,2.663836632E1,1.777697249E0,2.580172424E2,4.748651499E0,6.106278483E0
3.096878630E2,6.500904651E1,2.560553577E1,2.677287921E1,1.771024921E0,2.580172424E2,4.748651516E0,6.063567366E0
3.106878628E2,6.500904371E1,2.560549597E1,2.662941178E1,1.770496441E0,2.582855835E2,4.748651490E0,6.204166583E0
3.116878637E2,6.500904064E1,2.560545523E1,2.665534238E1,1.782027294E0,2.582855835E2,4.748651487E0,6.222357299E0
3.126878648E2,6.500903685E1,2.560541552E1,2.633922536E1,1.793121211E0,2.582855835E2,4.748651479E0,6.187560097E0
3.136878657E2,6.500903453E1,2.560537622E1,2.631265760E1,1.787168656E0,2.582855835E2,4.748651483E0,6.212639707E0
3.146878663E2,6.500903172E1,2.560533783E1,2.628512970E1,1.787867848E0,2.582855835E2,4.748651484E0,6.192922363E0
3.156878673E2,6.500902754E1,2.560529965E1,2.644188355E1,1.787784567E0,2.582855835E2,4.748651508E0,6.196751037E0
3.166878678E2,6.500902390E1,2.560525936E1,2.614741189E1,1.810842181E0,2.581747437E2,4.748651497E0,6.161201696E0
3.176878686E2,6.500902131E1,2.560521746E1,2.630180400E1,1.824767191E0,2.581747437E2,4.748651483E0,6.181093264E0
3.186878691E2,6.500901800E1,2.560517503E1,2.630069345E1,1.829912837E0,2.581747437E2,4.748651476E0,6.127060435E0
3.196878690E2,6.500901477E1,2.560513489E1,2.626345854E1,1.840043371E0,2.581747437E2,4.748651484E0,6.199168127E0
3.206878688E2,6.500901002E1,2.560509736E1,2.625495347E1,1.805218170E0,2.579971008E2,4.748651480E0,6.249096299E0
3.216878692E2,6.500900644E1,2.560505943E1,2.635332393E1,1.816628650E0,2.579971008E2,4.748651481E0,6.109071982E0
3.226878692E2,6.500900302E1,2.560502103E1,2.639891135E1,1.814802028E0,2.579971008E2,4.748651495E0,6.186414672E0
3.236878690E2,6.500899863E1,2.560498163E1,2.657816456E1,1.828565384E0,2.579971008E2,4.748651500E0,6.153458279E0
3.246878694E2,6.500899537E1,2.560494360E1,2.657408561E1,1.820928681E0,2.579971008E2,4.748651500E0,6.161800242E0
3.256878694E2,6.500899283E1,2.560490172E1,2.638445791E1,1.841698286E0,2.579971008E2,4.748651493E0,6.072513538E0
3.266878695E2,6.500898750E1,2.560486176E1,2.629093354E1,1.839464874E0,2.580929565E2,4.748651486E0,6.111796858E0
3.276878690E2,6.500898385E1,2.560482180E1,2.622481643E1,1.837932045E0,2.580929565E2,4.748651482E0,6.009826853E0
3.286878687E2,6.500898038E1,2.560478132E1,2.630417799E1,1.837258968E0,2.580929565E2,4.748651485E0,6.223881132E0
3.296878685E2,6.500897660E1,2.560474260E1,2.636545411E1,1.832378350E0,2.580929565E2,4.748651496E0,6.022430275E0
3.306878688E2,6.500897028E1,2.560470811E1,2.619479818E1,1.799121198E0,2.580929565E2,4.748651499E0,5.986440160E0
3.316878682E2,6.500896874E1,2.560467409E1,2.625415260E1,1.765196051E0,2.580929565E2,4.748651487E0,5.979848488E0
3.326878676E2,6.500896801E1,2.560463826E1,2.596789861E1,1.786032981E0,2.580929565E2,4.748651470E0,6.105370936E0
3.336878681E2,6.500896244E1,2.560460053E1,2.628226286E1,1.840599583E0,2.580929565E2,4.748651490E0,5.942861192E0
3.346878679E2,6.500895728E1,2.560456724E1,2.611013340E1,1.785812117E0,2.580929565E2,4.748651500E0,6.113092954E0
3.356878668E2,6.500895358E1,2.560452952E1,2.569423846E1,1.849307189E0,2.567413940E2,4.748651485E0,6.074696389E0
3.366878663E2,6.500894989E1,2.560449258E1,2.561901805E1,1.840658637E0,2.567413940E2,4.748651459E0,6.178684183E0
3.376878666E2,6.500894618E1,2.560445530E1,2.496864102E1,1.851569556E0,2.567413940E2,4.748651445E0,6.054656732E0
3.386878666E2,6.500894251E1,2.560441847E1,2.521267862E1,1.862495385E0,2.567413940E2,4.748651454E0,6.145553455E0
3.396878664E2,6.500893907E1,2.560438397E1,2.562953138E1,1.805393031E0,2.567413940E2,4.748651505E0,6.068509283E0
3.406878653E2,6.500892751E1,2.560434103E1,2.543213583E1,1.857449849E0,2.468181610E2,4.748651513E0,5.951561175E0
3.416878651E2,6.500891830E1,2.560430368E1,2.541868909E1,1.869924107E0,2.430899658E2,4.748651496E0,5.943082132E0
3.426878647E2,6.500891055E1,2.560426757E1,2.545941278E1,1.868468839E0,2.430899658E2,4.748651494E0,5.904766383E0
3.436878645E2,6.500890273E1,2.560423112E1,2.540087779E1,1.860841020E0,2.430899658E2,4.748651498E0,5.852576129E0
3.446878642E2,6.500889526E1,2.560419729E1,2.523134059E1,1.830628863E0,2.428549500E2,4.748651484E0,5.903481081E0
3.456878628E2,6.500888727E1,2.560416044E1,2.547574582E1,1.856383138E0,2.428549500E2,4.748651488E0,5.822854237E0
3.466878625E2,6.500887995E1,2.560412664E1,2.564402220E1,1.848712481E0,2.443902283E2,4.748651513E0,5.976253365E0
3.476878625E2,6.500887274E1,2.560409111E1,2.540142695E1,1.869360247E0,2.443902283E2,4.748651500E0,5.741841062E0
3.486878618E2,6.500886531E1,2.560405447E1,2.538894281E1,1.885014354E0,2.443902283E2,4.748651507E0,5.930515514E0
3.496878607E2,6.500885920E1,2.560401828E1,2.527014756E1,1.879784088E0,2.482488708E2,4.748651496E0,5.684805073E0
3.506878604E2,6.500885283E1,2.560398051E1,2.532237699E1,1.841413489E0,2.482488708E2,4.748651495E0,5.766552489E0
3.516878606E2,6.500884742E1,2.560394354E1,2.525301195E1,1.853881065E0,2.525974426E2,4.748651486E0,5.738319639E0
3.526878599E2,6.500884195E1,2.560390231E1,2.541197981E1,1.878300115E0,2.525974426E2,4.748651483E0,5.652220597E0
3.536878592E2,6.500883700E1,2.560386498E1,2.513092783E1,1.847468882E0,2.525974426E2,4.748651473E0,5.628408662E0
3.546878583E2,6.500883245E1,2.560382609E1,2.536651191E1,1.856489135E0,2.556904602E2,4.748651482E0,5.784443857E0
3.556878579E2,6.500882816E1,2.560378634E1,2.517819968E1,1.865040356E0,2.556904602E2,4.748651483E0,5.836120885E0
3.566878573E2,6.500882388E1,2.560374667E1,2.554468562E1,1.853501720E0,2.556904602E2,4.748651488E0,5.835653173E0
3.576878560E2,6.500882071E1,2.560370788E1,2.540620032E1,1.847373083E0,2.581802063E2,4.748651484E0,5.813993640E0
3.586878563E2,6.500881726E1,2.560366889E1,2.561308115E1,1.835127236E0,2.581802063E2,4.748651489E0,5.639770846E0
3.596878554E2,6.500881391E1,2.560363108E1,2.557562794E1,1.845940649E0,2.581802063E2,4.748651500E0,5.612762058E0
3.606878551E2,6.500881059E1,2.560359353E1,2.580061963E1,1.835827047E0,2.581802063E2,4.748651486E0,6.100810299E0
3.616878546E2,6.500880717E1,2.560355490E1,2.579161452E1,1.845654645E0,2.581802063E2,4.748651475E0,6.169829020E0
3.626878530E2,6.500880373E1,2.560351603E1,2.561658610E1,1.840911980E0,2.581802063E2,4.748651462E0,6.291053174E0
3.636878529E2,6.500880018E1,2.560347596E1,2.571275160E1,1.840758930E0,2.581802063E2,4.748651445E0,6.545266040E0
3.646878526E2,6.500879672E1,2.560343695E1,2.582889955E1,1.833764076E0,2.581802063E2,4.748651457E0,6.721183885E0
3.656878518E2,6.500879318E1,2.560339698E1,2.594911364E1,1.831765194E0,2.580393982E2,4.748651462E0,6.722649488E0
3.666878508E2,6.500878949E1,2.560335575E1,2.650273325E1,1.839210323E0,2.580393982E2,4.748651477E0,6.823864889E0
3.676878505E2,6.500878598E1,2.560331665E1,2.636085068E1,1.838361058E0,2.580393982E2,4.748651475E0,6.796435298E0
3.686878499E2,6.500878245E1,2.560327717E1,2.632737876E1,1.822630177E0,2.580393982E2,4.748651470E0,6.814521472E0
3.696878494E2,6.500877866E1,2.560323735E1,2.635781594E1,1.822704174E0,2.571348572E2,4.748651468E0,6.856244662E0
3.706878487E2,6.500877495E1,2.560319783E1,2.647725659E1,1.819255881E0,2.582858887E2,4.748651475E0,6.756187840E0
3.716878481E2,6.500877164E1,2.560316012E1,2.662523527E1,1.808578332E0,2.582858887E2,4.748651474E0,6.755893484E0
3.726878475E2,6.500876811E1,2.560311985E1,2.683009367E1,1.821614830E0,2.582858887E2,4.748651467E0,6.896111752E0
3.736878463E2,6.500876448E1,2.560307854E1,2.679994025E1,1.824523662E0,2.582858887E2,4.748651471E0,6.949033006E0
3.746878465E2,6.500876089E1,2.560303756E1,2.700028953E1,1.822497692E0,2.583255310E2,4.748651469E0,6.908964850E0
3.756878458E2,6.500875741E1,2.560299774E1,2.683936063E1,1.819023543E0,2.583255310E2,4.748651449E0,6.895995559E0
3.766878448E2,6.500875411E1,2.560296004E1,2.696501652E1,1.806854839E0,2.583255310E2,4.748651445E0,6.619189217E0
3.776878449E2,6.500875061E1,2.560292011E1,2.692822684E1,1.823397330E0,2.580172424E2,4.748651446E0,7.028758007E0
3.786878436E2,6.500874709E1,2.560288089E1,2.708126128E1,1.819592424E0,2.580172424E2,4.748651457E0,6.782927422E0
3.796878425E2,6.500874368E1,2.560284286E1,2.708720137E1,1.816791698E0,2.580172424E2,4.748651473E0,6.831449077E0
3.806878419E2,6.500874023E1,2.560280450E1,2.722185210E1,1.806593354E0,2.580172424E2,4.748651472E0,6.841467619E0